Persian,Latin
ABL,abel able abul
ABLARDV,abelardo
ABLT,ablett
ABRAHAMZ,abrahams
ABRLY,eberly
ABRNATY,abernathy
ABRTZ,eberts
ABSAVY,abshawe
ABSLVM,absalom
ABT,abbot
ABVL,abul
ABYT,abbett abbot
ADALYA,adalia
ADAMTZ,adametz
ADLMN,adalma
ADMYRAL,admiral
ADPT,adept
ADRYA,adria
ADRYNV,adriano
ADSVYK,adcock
ADVARDS,edwards
ADVR,ador
ADYH,adie
ADYS,adis
ADZ,adas adis
AFRAYM,efrain ephraim
AGBRT,egbert
AGDN,ogden
AGL,agali akl
AGSVRN,agsorn
AGVLT,agoult
AGVSTYN,agustin augustyn
AGVTR,agutter
AGVYYRH,aguirre
AGYSA,agesa
AGYVADV,acevedo
AJLN,ajlun
AKAR,akar
AKBR,akbar
AKLA,okla
AKRT,ackeret
AKRZ,akers
AKSPRS,aspens jaspers
ALAYRH,allaire
ALBVM,albom
ALDHFRA,aldhafra
ALDYN,alden
ALFARD,alford
ALFLD,alfeld
ALFNR,elfner
ALGAL,algal
ALGAY,algae
ALJH,allah alpha elijah
ALK,alok
ALKSANDRV,alesandro
ALKSY,alexy alice alisa alyce
ALKVYYTZ,elkowitz
ALMA,alma
ALMAN,allman
ALMVDYNA,almudena
ALMYRA,almira
ALNA,alana
ALPAYN,alpine
ALRAYT,elroys
ALS,als
ALSBRY,elsberry
ALSTVN,alston
ALSVVRS,alstons alsworth
ALTH,alioth alta althea alto
ALTRNYTLY,alternately
ALVM,albom
ALVN,alvin
ALVTHBA,alwathba
ALVYTZ,alvins
ALYAS,alias
ALYN,allyn alwyn
ALYPSVYD,ellipsoid
ALYS,alec alecs alexs alias alisa allyz alwis alyce alyssa alyx
ALYSVN,alyson
ALYT,aleut
ALZA,elza
AMANSYV,amancio
AMANVYLH,emanuele emanuels
AMAY,amai amway
AMLMAN,allman
AMLYN,emlen
AMPLYV,empleo
AMPRVR,emperor
AMRN,amran
AMRSVN,amerson
AMRV,amaru
AMRYTANS,amritansh
AMVRY,amory
AMYDY,amedeo amidei
AMYL,amal
AMYN,amin
AMYTR,ammeter
AN,ain ana ann anu aun ayn
ANCVR,anchor
ANDRAS,andras
ANDRV,andra andre andrew andron andrus
ANDRVN,andron
ANDRVVD,android
ANDVNYS,andenes antonys
ANDVR,andor
ANDY,andy
ANGL,angel angle anglo
ANGVAL,ingvar
ANJH,anghe
ANJL,angel angle anglo
ANKL,anukul
ANKVRAJ,ankaras
ANLV,anglo
ANRYV,andrew
ANSV,anshu anson
ANSVN,anson
ANTAR,anntar
ANTARTYK,antarctic
ANTLY,antley
ANYK,annick
ANYSH,amish anisa anoosh
ANZLA,angela angle anglia anglo angola ansley anzlovar
APLFRD,appleford
APLGYT,applegate
APLTRY,apletree
APLTVN,appleton
APSTYN,epshteyn epstein upston
APVLVNYV,apolonio
ARAGVLA,aragula
ARAN,aron aryan
ARBAN,orban urban
ARBN,erben orban urban
ARDLY,ardley
ARDM,erdem
ARGLY,argyle
ARKL,arkell
ARKVLSY,ercolessi irkutsk
ARNN,arne arno aron
ARNSBRGR,arensburger
ART,art
ARTLYP,ortlip
ARVA,arwa
ARVVLA,arvola
ARVYN,irvin
ARYANT,aryans bryant
ARYDA,bryde freda karida ourida
ARYJYNAL,original
ARYK,arya erik
ARYKV,aryan erika eriks
ARYN,aryan
ASAD,asaad assad azad
ASFRD,ashford
ASJRL,asgard
ASKANLAN,arkansan
ASKAR,baskar esker oscar
ASKR,esker
ASKRAC,accras
ASKRAFT,ashcroft
ASKRMRHVRN,schermerhorn
ASKRVGS,scruggs
ASKRYVNZ,scrivens
ASKV,osku
ASKVLAR,scoular
ASKVRDYLYS,aspidiskes australias
ASKVYR,ackroyd
ASKYRYVANV,americanas
ASLADR,auslander
ASLK,amlak astik
ASLVMA,sloman
ASMAL,ismael ismail
ASMALBN,ashmolean
ASMALN,ashmolean
ASMARF,asmara
ASMARGVN,asguarian asherman
ASMVD,asimov
ASNL,anil
ASNYTMAN,shnitman
ASNYVLY,snively
ASPVTA,acosta rasputin
ASPYLMN,asselman
ASPYNDLR,spindler
ASPYS,aspens
ASTABRVKZ,estabrooks
ASTAKTVN,astrakhan
ASTAKVF,stakoff
ASTANDRFR,standerfer
ASTARCR,astarte
ASTARFYS,astartes
ASTATYK,asiatic astarte astartes
ASTATYS,astartes
ASTAZ,astik
ASTFAN,astana aztlan
ASTFN,aston
ASTFNS,astanas austins
ASTK,astik
ASTKHVS,isthmus
ASTLMAK,stelmack
ASTNJR,castner kastner
ASTNLY,astley
ASTNSA,stansa
ASTP,acts aster astik aston astor
ASTRAMR,astaire
ASTRANG,armstrong
ASTRANTN,austranten
ASTRAT,abstract
ASTRFLND,streefland
ASTRHVT,osterhoudt
ASTRLYNG,sterling stirling
ASTRVD,astrid
ASTRYC,astrid
ASTRYT,astrid
ASTRYTR,strayer
ASTVARTSVN,stewartson
ASTVKS,aztecs esteves
ASTVR,astor
ASTYJNTJH,martijntje
ASTYKL,aztecs
ASTYNTYH,astartes austranten
ASTYNZ,austins
ASTYT,aster astik
ASTYV,active
ASTYVLY,estelle
ASTYVNS,austins esteves
ASTYVRZ,esteves
ASVNGR,acuner
ASYM,asim
AT,at
ATAJR,ettajer
ATLANTA,atlanta
ATMAR,otmar
ATR,atri
ATRYDZ,atreides
ATVAL,atwal
ATYA,atiya
'ATYFA,nathifa
ATYLA,atila
ATYZ,aites atish
AVADY,avery
AVBRYST,everest
AVC,avs
AVDDLFT,oudedelft
AVDGARD,edgardo odegard
AVDYTA,avesta
AVGBVAFY,angevins
AVGNY,avignon
AVGR,auger augor
AVGVSTY,auguste augustyn
AVGYLYV,angeles angelia angelico angelis angelou
AVH,ava ave
AVK,aveek avs
AVKSBY,avesta avichay
AVKY,aoki
AVL,awl
AVLAV,avila avilas avolio pavlov
AVMANTZ,umanetz
AVMASVTAN,umasuthan
AVPDAL,opdahl oppedal
AVPYT,alpert
AVQTVN,alston
AVRS,aprs averis aversa averys aviors
AVRVARSVN,orvarsson
AVRYH,averys
AVRYNTAL,oriental
AVSLYN,auslin
AVSRYN,austrian averys
AVSTNBRAYNK,oostenbrink
AVSY,atusi avery
AVTS,acts arts
AVTYNGR,ettinger ottinger
AVVRT,evert
AVYATVR,aviator
AVYN,avian avon
AVYNS,avins
AYAH,ayah
AYANT,jayant
AYDA,ayda
AYDV,ayda
AYGNASY,cygnuss
AYGNATYVS,abernathys argonauts
AYKDA,akdag
AYKL,akil
AYMANS,ammans
AYML,amal
AYMPRANTYRY,empranthiri
AYMRYV,aymara
AYNDYN,andean
AYNFNT,enfant
AYNFVTYK,amenhotep
AYNFYNYT,infinite
AYNGHAM,bingham
AYNGV,anglo angus
AYNJNYTV,ingenito
AYNLND,finland inland
AYNMARSAT,annmaries
AYNSYN,aitsen bensen jensen
AYRANY,airouni
AYRLY,airay early
AYRS,ayers ayres
AYRVNY,cerveny
AYRYSV,averys
AYSA,ayse
AYSAM,assam
AYSFAL,aspell
AYSRNKVRA,israngkura
AYTKNHD,aitkenhead
AYTS,aites
AYVANVV,zyuganov
AYVATSVKY,blavatsky
AYVN,ayson
AYVT,amyot
BABL,babel
BACAND,bachand
BACR,bacar
BADVNY,bodony
BADVYN,bauduyn
BAF,biff bop buff
BAG,big bug
BAJR,badr
BAK,bak
BAKAN,baken bakun
BAKLZ,bakos bakus
BAKMAN,backman
BAKS,bakos bakus
BAKSBRGR,baumberger
BAKSTR,bastard buster
BAKVS,bakos bakus
BAKVTYS,bakutis
BALCN,balchen balkan balson
BALKAN,balkan
BALNTYN,ballentine
BALSRY,bulsari
BALSVN,balson
BALVG,balog
BALY,bale bali bally bayly
BALZR,balzer
BAMSY,bamse
BANDY,bandy
BANK,bank
BANKLY,bankler bunkley
BANY,baney
BANZAR,banzare
BARAL,baral
BARANVSKY,baranowski
BARB,barb
BARDL,bardell
BARKL,barkell barkley
BARKVS,barkus
BARMN,barman
BARN,barn
BARRV,barre barron barros barrow barrs barry
BARS,barrs
BARSH,barash
BARSTYN,burshteyn
BARTLYN,bartholin bartley bartolini
BARTY,barta barth barthe
BARVKS,baracks
BARVS,barcus bargus barkus
BARZYLAY,barzilai
BASBY,busby
BASKYN,baskin
BASLR,basler
BASM,basem basim basma
BASTAMAN,bastiaan bustamam bustamante
BASTR,bastard buster
BASTRFYLD,basterfield
BAT,bat
BATACARYA,batacharia
BATFLD,bottfeld
BATL,batel batul
BATMLY,battle
BATRFLAY,barclays
BATRFYLD,bottfeld
BATRVS,butrus
BATYMR,botimer
BATYS,bates
BAYLY,bayly
BAYR,bayer
BAYT,beet
BAZVKA,bazooka
BAZY,buzby
BCLR,basler
'BDALMLYK,abdalmalik
BDNARZ,bednarz
BDR,badr
BDRY,badry
BDYCK,breck
BGNAL,bagnall
BGR,bar bir
BKVM,bakkum
BKY,becky bks bosky bucky
BLACFVRD,blachford
BLAM,blom blum
BLAMY,bellamy
BLANCT,blanca blanchet
BLAYT,blatt
BLAYY,balaye
BLT,balit blatt blyth boldt
BLVR,blvd
BLVS,blvd
BLYD,blvd boyd
BLYN,balin blain bolen boleyn
BLYS,balis billys blas bliss blues byles
BLYTZ,blitz
BLYTZR,blitzer
BLYZNAKVF,bliznakov
BMYNA,bemina
BNAVAYDZ,benavides
BNAYA,benaya
BNC,bank bench bens
BNGR,bangor benger
BNKA,benka
BNKV,benko
BNV,bono
BNY,baney bene benny binay binoy bunny
BNYVN,binion bunyan
BR,br
BRAJR,bragg brater
BRAM,bram
BRANT,brant
BRAR,brar
BRASYAMVNTY,bruciamonti
BRAT,brat
BRAVNLY,bradely braendle brownlee
BRAYAN,brahman
BRAYVN,braden breton briton
BRAZLTN,brazelton
BRAZYR,brazier
BRBA,burba
BRCTAY,barclay
BRD,bard bird brad brod byrd
BRDFVRD,bradford
BRDSLY,beardsley
BRG,berg borg burg
BRKH,barkah birch burch
BRKLYNG,berkling
BRKMA,berkema
BRKMYR,brimmer bromery brummer
BRLY,berle
BRMS,bermes brahms burmas
BRNDLR,brendler
BRNDN,branden brandon brendan brendon
BRNHART,barnhart
BRNHYM,bernheim
BRNY,barne barney berne borne brno bryony burney byrne
BRNYNG,bruning
BRSTR,berster
BRV,bravo
BRVMRY,bromery
BRVNVALDR,braunwalder
BRVS,bruts
BRVTMN,brotman
BRY,bray bri bury
BRYD,bryde
BRYDJS,bridges
BRYJR,bryner
BRYLA,barela
BRYN,bryn
BRYNKR,brinker
BRYSKV,brisco
BRYTLY,bradly bratlie
BRYVRMN,braverman
BRYVYN,brewin
BRYVYNG,brewing
BSYM,basem basim
BSYR,basir
BTMA,batman
BV,bev
BVBAK,bobak
BVBK,bobak
BVFYNGR,buffinger
BVJY,boije bugay
BVK,bok
BVLA,bela bolla bulla
BVLSTAD,bolstad
BVLYZ,boulez
BVM,bum
BVNGKV,bongco
BVNT,brunt
BVRSYK,borcic
BVRYS,boris
BVRYTZ,boritz
BVS,bos
BVTLR,butler
BVTNKV,butenko
BVVRMN,bowerman
BVYD,boyd
BVYN,bevin bruyn bryn
BVYSVRT,boisvert
BVYYS,boyes
BVZY,buzby
BYC,bic
BYDA,bayda beda
BYDMYD,bidmead
BYF,biff
BYGAR,biggar
BYGLV,bigelow
BYGVLYN,beguelin
BYKRAFT,beecroft biocroft
BYLSKA,bielska
BYLSVN,bilson
BYLVN,belvin
BYLY,bayly
BYRL,berle beryl burl
BYSKV,besko
BYTL,batel batul beetle bethel beutel
BYTN,beaton beeton bethan
BYTS,beths betsy bitz
BYTV,batu beth beti bitz
BYTY,beti betty
BYVKA,benka
BYVLA,bella beulah
BYVYK,brevik
BYYVL,batul bedell beedle beetle beryl bilal byfield
CABVN,chabun
CALKR,chalker
CAMPYA,campey chumpia
CANTLR,chantler
CARLY,carly
CATSKY,chatski
CAVRY,camry
CAYVVT,kayvon
CKVVY,chevy
CLY,clay
CR,cr
CRN,chern coren crain crane creon crown
CRYSTFL,crystal
CRYSTYN,christen cristina
CSTRMN,chesterman
CVALR,valur
CVDV,chudov code cody
CVMA,choma como
CVNYAN,chunyan
CYF,cyr
CYLDH,child childe
CYRAM,chiram coram
CYSAYR,caesar
CYTRH,sitrah
CYTV,cato cetus chito
CYV,cyr
CYVRS,cavers chivers cyprus
CYZA,chizu
DABAKYV,kabakibo nabokov
DABYN,dabin
DAD,dada dade dady daud
DAGLAS,douglas
DAGNAL,dagnall
DAHAR,dahar
DALS,dials
DAMYN,damian damien damion damon domen
DAN,dan
DANGCVL,dongchul
DANGJYN,dongjin
DANGN,dongjin dungane dungeon
DANSTAN,dunstan
DANYNK,doninck
DARKY,darcy
DARVYN,darvon
DASKV,dusko
DASVANY,daswani
DAVLYN,devlin
DAVSVL,davison
DAYKRT,dickert
DAYLYNH,dailene
DAYMVND,raymond
DAYNTY,dantes dientje
DDRYC,doric
DKLV,declue ducloz eklof
DLSYMPV,delciampo
DMN,dan den din don dun
DMPSY,dempsey
DNNYS,dannys dennys donnys
DNT,dent dint
DNY,dane dani danny denny dini donny downy
DNYR,denyer
DNYS,danes danis dannys denis dennys donnys downys
DRAGVZ,dragos
DRAJ,drag
DRAKYR,drukier
DRARY,dreary drury
DRKSLR,drexler
DRMDY,darmadi
DRNN,dinn donn dunn
DRVRY,drury
DRVT,drout
DRYHR,dreher
DRYNG,drying
DRYNKVATR,drinkwater
DSALVV,desalvo
DVABR,dueber
DVAYN,dwain dwayne
DVBYV,dobro dubeau
DVGAL,dougal
DVKS,dukes
DVLYNYYVK,ulyanovsk
DVM,drum
DVNZ,danz dons
DVPLYKTVR,dupliactor
DVRAH,duorah
DVRL,dorel
DVRVARD,dorward
DVRY,dory
DVRYAN,dorian
DVSTYN,dustin
DVVAL,duval
DVYRN,daverin
DVZART,dussart
DYABVLY,diaboli
DYDS,dedes didos
DYGHRA,dighera
DYGLMN,dieglman
DYKMN,dekan
DYKRSN,dickerson
DYKSVN,dickson dixson
DYKSY,daisy dickey dicky dixey
DYKYN,dykins
DYKYNSVN,dickinson
DYLMA,dilma
DYLN,dylan
DYLY,daly dealy doyle
DYMYTRY,dimitry
DYN,den din dyna
DYNKAR,dinkar
DYNRASTYN,dinerstein
DYQTN,denton dilten
DYRAN,dirran doran duran
DYRKH,dirkje dirks
DYRS,dyers
DYRYZ,deeres derek dereks dirks doris
DYSCR,discher
DYSLY,desle
DYSMAL,dismal
DYSPAPYVLVS,despopoulos
DYSVN,dyson
DYV,devi dov
DYVANA,diwana
DYVL,deol
DYVR,diver
DYVRTYH,deporter divertje
DZYV,dezio
FABRT,faubert
FAFAT,fafat
FAKSVRS,passovers
FARNHVLTH,forenholte
FARS,fares farsi
FARY,farry
FARYGAN,farrigan
FARYNGTVN,farrington
FAS,fac fash fays fes
FATYN,fatin
FAVCR,faucher
FAVNTYN,fountain
FAY,fay
FAYNNY,fannys
FAZYV,fazio
FK,fac feck fick fike fisk fix fox fs
FLAND,feland
FLAYN,alain blain floyd plaine
FLKS,flos
FLYGL,fliegel
FNSL,fensel
FNYN,fannin fenian finan finnin
FR,fr
FRAH,farah
FRAN,fran
FRANKY,franke
FRANSS,franzs
FRASYN,frausin
FRDRYK,fredrik
FRKCR,fraser
FRMYR,farmer
FRSMN,forsman
FRSYN,frausin friesen frisian
FRYAND,freund
FRYDMN,fridman
FRYM,frye prem
FRYSN,fresno
FVMYAKY,fumiaki
FVNSYKA,fonseca
FVR,fore furr
FVRBYS,forbes forbis
FVRMANK,formanek
FVRSLYNG,forsling
FVSTR,foster
FVY,foy
FVZBRY,fosbury
FYARYTV,fiarito
FYFR,fifer
FYKN,feeken
FYLYP,felipe
FYLYPH,felipe
FYLZK,filzek
FYNYS,fenyes
FYST,fast feist
FYVRY,feury
GABAY,gabai
GABL,gabel gable
GABRMN,guberman
GABRYL,gabriel
GADMANDVR,gudmundur
GADYK,gades gedeck godic
GALATYA,galatea galatia
GALVAN,galvan
GALYNSKY,galensky
GAN,gan
GANG,gang
GANS,gans
GANSALVS,gonsalves
GARAGAN,garagan
GARLAK,garlick garlock
GARS,garms
GARVY,garvey
GARYSN,garrison
GAS,gas
GASA,gaca gaza
GAT,gat
GATHAM,gotham
GATLY,gateley gotley
GATRL,gatrell
GATSMN,gottesman
GATYR,ganter grater
GAVRNR,governor
GAYMR,gaynor
GAYVKVR,ganesvoort
GAZYS,gazis
GBYNG,gebing
GLADRZ,gladders
GLAVR,glover
GLDASMYT,goldsmith
GLDHAGN,goldhagen
GLDN,golden
GLDNBRG,goldenberg
GLSKVK,glasscock
GLYNZ,glens
GNSVRT,ganesvoort
GNVSV,gnosis
GRABR,gruber
GRAMN,goran grammy green grimm groin gruen gruhn
GRANRVD,granroth
GRAS,grass gris grus
GRAVLYN,gravolin
GRAVZ,graves
GRBR,gerber gruber
GRMR,grammer
GRNDAFYLD,grandfield
GRTNR,gertner
GRTRVTA,geertruda gertrude
GRVASBK,groesbeck
GRVCY,groce gruchy
GRVNNBRG,grunenberg
GRVP,grupe
GRVSD,grusd
GRVYN,groin gruen
GRYFYN,griffin
GRYGVRY,gregory
GRYMALDV,grimaldo
GRYMS,grimes grimms
GRYN,goren gran green groin gruen
GRYNN,glynn
GRYNTR,grinter
GRYNVY,granvin
GRYR,greer grier
GRYSAM,gresham
GRYT,grit
GRYTBANKZ,greatbanks
GRYTH,gareth
GRYTSN,gerritsen gretchen
GRYTVN,gritton
GRYVZ,grivas
GTZ,gatz getz
GV,av ga gao gd ge geo goa god gog goh gs gui gul guo gus guy
GVANTR,guenter
GVAYNH,ghayth
GVDK,gondek
GVDL,godel
GVDVYN,goldwyn
GVHA,guha
GVKH,goch
GVLVMBK,golombek
GVNDK,gondek
GVRGVTYS,gourgoutis
GVRMN,gorman gurman
GVRT,geurt
GVRV,gorav gorev guru
GVRY,gary gore gorey gorky gorry
GVS,gus
GVST,gosta guest
GVTVVAK,gotovac
GYAKVB,giacobe
GYARATANA,giarratana
GYB,gaba gabe gabi gobi
GYLMVR,gilmer gilmore
GYLR,gayler
GYNJR,ginger
GYRAS,geres girash
GYRTJ,gerth
GYSLR,geisler
GYTVVD,gaitonde gotovac guitard
GYTYTYS,gitaitis
HABY,huby
HAFMN,haman hoffman hofmann huffman
HAG,haga haj hug
HAGLY,hogley
HAKYL,haskel haxel
HALAK,halab halar halat
HALAR,halar
HALFVRD,halford
HALMH,hulme
HALT,halat helt holt
HALYGAN,halligan
HAMLYN,hamlin
HAMR,hamer hamra
HAMSVN,hamson hamsun
HAN,han
HANA,hanaa hani hanna
HANAKN,hanakken
HANH,hani hann hannah
HANY,haney hani
HARDAY,hardie
HARDVYK,hardwick
HARDYKAR,hardikar
HARFVRD,hurford
HARLY,harley
HARMR,harmer
HART,hart
HARTFVRD,hartford
HARTSAV,hartsough
HARVAY,harvey
HARVHYTV,haruhito
HARVVD,harbud
HARYNGTVN,harrington
HARYZ,hares harrys
HASTTR,hester
HASYMVTV,hashimoto
HAVL,havel
HAVLND,hadland hagland harland
HAVTVRN,hawthorne
HAVYS,hovis
HAYDV,haydu
HAYGYNZ,huygens
HAYN,hain
HAYZ,hays
HBYB,habib
HDYD,hadid
HFLY,hefley
HGRAD,hegrad
HGYZ,hegyes
HHLN,hehlen
HJ,haj hg
HK,hak
HKL,akl
HKNBAX,heckenbach
HKYM,hakim
HLN,halon helen hulan
HLT,helt holt
HLYAR,helyar
HLYNTJH,heleentje
HMPL,hempel
HNDLASR,handloser
HNDRAYK,hendricks hendriks hendrix
HNRY,henry
HNSY,henze hince
HNVLA,hannula
HNVLT,henault
HNYK,haik henrik
HNYNG,hanning henning
HRBRG,herberg
HRBSLB,herbsleb
HRLND,harland herland
HRST,herst horst hurst
HRVYG,herwig
HRY,harry
HS,hs
HSK,husk
HSKYT,hesketh
HSNY,hosny
HT,hate hett huth hutu
HTY,hate hutty
HV,ho
HVARD,havard
HVARTA,havarti
HVGARD,hugard
HVKR,hawker hoar hooker
HVN,hon hun
HVNG,hong hung
HVNNKVRT,honnencourt
HVPZ,hopis
HVRSLDH,hureslede
HVRSMYR,horsmeier
HVRTVN,horton
HVRVAT,horvat
HVRZLR,hurzeler
HVY,hovey huby
HY,hay he
HYBRT,hebert
HYDALGV,hidalgo
HYDY,hyde
HYKAKS,hakkas hiscocks
HYKKY,hecke heikki hickey
HYKLR,hickler
HYKS,hicks
HYKVRY,hickory
HYL,hail hal heel heil hell hill hoyle
HYLDBRNDYSLNT,hildebrandislant
HYLGALV,heilgalo
HYLT,helt
HYLYRD,hillyard hillyerd
HYMANSVN,heymanson
HYN,hin hyun
HYSVYK,heeswyk
HYT,hett
HYTLY,hitler lytle
HYTSMAN,hitesman
HYVMNZ,hymens hyvonen
HYVMZ,helms
HYVR,hydra
HZARD,hazzard
JABTYH,joaptie
JADSVN,judson
JAKABSN,jacobsen jacobson jakobsson
JAKAVY,jacaway
JANATAN,jonathan
JANKN,janneken jansen janzen jenkins
JANSVN,jansen jonson
JANY,jane jani
JASTV,justo
JATV,jatou
JAVF,jawf
JAYARAMAN,jayaraman
JBSN,jebsen
JD,jed jud
JFRAYZ,jeffereys jeffries
JLANY,jalani
JLYL,jalal jaleel
JLYN,jalen jilin jolyon
JLYVN,jolyon
JMYH,jamih
JMYL,jamel jamil
JNSN,jansen jensen jonson
JNTLY,gently
JNV,juno
JRADH,jerada jerade
JRSTYN,justin
JSK,jack jeske jock
JSMYN,jasmine
JVBRT,joubert
JVHR,johar
JVKYTALV,jokitalo
JVN,jon jun
JVNAYD,junaid
JVND,junod
JVNKY,jansky junkie
JVRJN,jorgen
JVRT,jurt
JVSAK,jossac
JVYRG,juerg
JVZF,josef juza
JVZFSVN,johnson jonsson
JYBS,jobs
JYL,jill joel jul
JYLMN,jilin
JYNS,jans jaynes jeans jenks jeynes jons
JYNZN,janzen jensen
JYRMN,jirman
JYSVN,jayson
KAB,kalb kamb krab
KABAL,kabal
KABL,kabal kabul
KACRAN,cochran dacron katrin kevran
KAHA,kuha
KAHYL,kayla
KAJ,kaj
KALAHAN,calahan
KALBAS,kalbus
KALBRG,kallberg
KALP,kulp
KALSV,kalsow
KALT,kalt
KALV,kalev
KALVR,calvary calvert culver
KALVRLY,calverley
KALYKV,calico kalmyk kalyan
KAMNV,kamenev
KAMYNR,kaminer
KAN,kan
KANAKA,kanaka
KANAL,kanal
KANDVLA,kandolf kantola
KANGR,kingery
KANRY,camry conroy henry kandi kanze kenny kinky
KANSAS,kansas
KANSTNT,constant
KANTRAKTVR,contractor
KANTVR,kantor
KANYT,cuneyt janet kanes kania kenya manet
KAPALKA,kapalka
KAPFRMAN,kupferman
KAPN,kappen
KARAK,karak
KARKCY,karaca karachi
KARLSVN,karlsson
KARSKADVN,carskadon
KARVAJAL,carvajal
KARVALV,carvallo
KARVYNN,karvinen
KARYLV,curylo
KAS,kaos
KASAHARA,kasahara
KASATY,kasaty
KASMALKAR,kasmalkar
KASMSANT,kasemsant
KASTR,kastrup kasturi kester koster kostur
KASTRL,kastrup kasturi
KATALDV,cataldo
KATMN,katen
KATYAR,katiyar
KAV,kave
KAVADV,kawado
KAVRT,covert kmart
KAZYNZ,kazans
KBRA,koubra
KBYRH,kebire
KL,cl
KLAP,clapp klan
KLAPYN,clapin
KLARVKS,cloroxs
KLAVSNR,klausner
KLAYK,blaik clack cleek
KLAYN,klein
KLD,kid
KLM,kelm
KLST,clast
KLTY,kelty
KLVR,clever culver
KLY,kale kali kelly kiely klee klie kole kyle
KLYBR,klyber
KLYLND,cleeland
KLYNGLR,klingler
KLYV,kalev
KMT,ket kit kmart
KMYL,kamel kamil
KNDAL,kendal
KNS,kans
KNVN,kenton kinson knob knop
KNVYNS,konvinse
KNYRZ,conyers
KPAS,kepus
KPRBLVM,kuperblum
KPSTYK,capstick
KR,kr
KRAFT,kraft
KRAGN,kragen
KRAKSFVRD,crockford
KRAM,kram
KRAMPLR,crumpler
KRANZ,krenz kronz
KRBLY,karbala
KRDY,cordy krey
KRLV,karla karls kirlew
KRLYS,krelis
KRNZ,krenz kronz
KRSTYN,kerstin kirsten korsten kresten kristen kristin
KRV,kirov krob
KRVAL,orval
KRVL,karol
KRVM,kram kroum krumm
KRVYS,kirbys
KRVZ,kronz
KRY,kory kre krey
KRYK,krok kruk
KRYKT,krista kristi kristy krystal
KRYNGL,kringle
KRYSTL,krystal
KRYSTNDL,christandl
KRYSTR,krister
KRYSTV,krista kristi kristol kriston kristy krystal
KRYSTVL,kristol krystal
KRYSTYNTAY,christyntie
KRYTVN,kriston
KRZL,krezel
KSPY,kasey
KSTYLA,kostelak
KTAYL,stael
KTLVL,kathol
KV,kave kiev
KVAN,kuan kwan
KVANSTRVM,quarnstrom
KVCMN,kocian
KVJAMV,kojamo
KVK,kok
KVLN,kolen
KVLSTAD,kolstad
KVLVDNY,kolodny
KVMARAN,kumaran
KVMP,komp
KVN,kon
KVNAYN,keinanen kevran
KVNL,kanal kohl kong kono
KVNRAD,konrad
KVNTZ,kuntz
KVNVLY,kornele
KVP,kip koop kopp
KVPLA,kapila kubla
KVPRASMYT,coopersmith
KVPRN,koperen
KVPRVLV,koprulu
KVR,kor
KVRAMBS,korambath
KVRLY,korey kurile
KVRN,korn
KVRND,konrad
KVRNT,kerns koontz korans kunst kuntz
KVRYN,karyn
KVSAK,kusack
KVSR,koster kostur kovar
KVSTAR,koster kostur
KVSYBA,kosiba
KVTS,kurts
KVX,knox
KVY,kave
KVYST,kunst
KVYYGLY,kringle
KVZYS,korys
KY,kay key
KYAN,kean kian
KYANVS,kianos
KYATYKVN,kiatikun
KYBR,keber kebir khyber
KYC,keck kick
KYDBY,kidby
KYGL,kagle keagle kigali
KYLGVR,kilgore kilgour
KYLP,kilpe kulp
KYLZR,kilzer
KYNAHAN,kinahan
KYNDR,kendra kinder
KYNG,keng king
KYNGASNVRS,kingsnorth
KYNGDAN,kingdon
KYNGSLY,kingsley
KYNY,keny
KYP,kip
KYPRT,kephart kiepert
KYPZ,kips
KYRAN,karan keiran keren kieran kirin koran
KYRMZ,kirmse
KYSLY,kisley
KYSVR,kayser keyser kiser
KYT,ket kit kyte
KYVAN,kayvon keven kevin
KYVBYT,kuwayt
KYVMN,kayvon keven kevin kevyn
KYVN,kayvon keven kevin kevyn
KYVPYK,kropik
KYVSYK,kyushu
KYYVAL,keyuan
KYYVBAS,ayyubids
KYZ,kenz
LAF,laff lap
LAFLYN,laplaine lapland
LAGS,lages lagos
LAKHART,lockhart
LAKSMYNARAYAN,shakespearean
LAKVK,lakota laskos luchok
LAMARK,lamark
LAMBADARYS,lambadaris
LAMBTVN,lambton
LAMPANY,lampani
LAMVNYKA,lamonica
LAMYNA,lamina
LANASPRY,lanaspre
LANDN,landen landin landon
LANDR,lander landry
LANDY,landi lindy lundy
LANGLNDZ,langlands
LANGRN,lonngren
LANGZ,langs
LANYVN,lanyon
LANZ,lanz
LAPLAS,laplace
LARJNT,largent
LARJV,largo
LARS,lars
LARV,laro
LARVY,larry larue leroy
LARY,larry leary lory
LASKYN,lisken luskin
LASR,laser
LASVVYK,lasovick
LASY,lacy
LAVRY,lavery
LAVSVN,lawson
LAVZN,lauzon
LAYS,lais
LAYVLVR,lavalie leffler pavlova pavlovs
LAYVSYN,laursen
LBDF,labdon lebed
LBVRGYVYS,lebourgeois
LDBRY,ledbury
LDMRY,ladomery
LG,leg
LJR,leger luger
LJRVS,legeros
LKSYR,laser loser
LMAYR,lamar lemaire
LMBRC,lambros
LMVZ,lemos
LNDRY,landry
LNDYNG,landing
LNG,lang long lung
LNGAVLNT,langoulant
LNKS,lanas lanes langs lanka lenas lenos linas linus lones lunas
LNKTT,lanctot
LSK,lusk
LSLAY,lesley
LSTR,lastra lester lister luster lustri
LTRMN,lerman
LTV,leto ltd
LTY,ltd
LVAV,lvov
LVDVYG,ludwig
LVGAN,logan
LVKNY,lockney
LVKNZ,lukens
LVMKS,lomas lomes
LVMZ,lodz lomas lome lomes lunz lutz
LVN,lon
LVNARDV,lonardo
LVRSYNSAP,lursinsap
LVRTYH,lorteye
LVRY,lory
LVSKMB,luscombe
LVSKYV,luskin
LVSR,loser
LVV,lvov
LVY,levy livy
LVYJY,lavery lavey levey lively
LVYY,lavey levey
LVYYS,loyds lucys
LVYZ,levys
LYBAV,levavy
LYBLANK,leblanc liblanc
LYBRANDH,librande
LYBRMN,lebrun liberman
LYBRTVN,libberton
LYKYNG,laking
LYLARD,lillard
LYLJA,lilja
LYMARY,limary
LYMN,lymn
LYNDLY,lindley
LYNFYLD,linfield
LYNYMVN,linimon
LYPVLT,lippolt
LYR,lyra
LYRAKS,meraks
LYRY,leary leroy lory lyra
LYS,les lis
LYSR,lycra
LYST,list
LYSYN,lesion lisken lison
LYTLJAN,littlejohn
LYV,levi levy livy
LYVN,lyon
LYVNBRGR,leonberger
LYVNL,leonel lionel lyons
LYVPARD,leopard
'LYYAH,aliyyah
LYZR,lazar lycra
MAD,mady maud mead med mod
MAGAN,meagan megan
MAKZYMM,massimo
MALRYX,malorys malraux
MALVNY,malone maloney
MALVY,malay malloy malory
MALYN,malan malayan malian malini mallin melen
MAMVT,mamet mamott
MANGANV,mangano
MANK,manx monk munk
MANKMN,monkman
MANTL,mantle
MANTVN,minton monton
MARASKV,marasco
MARK,mark
MARKV,markov
MARKVS,markus
MARS,mars
MART,marat marta marti marty mort
MARVD,marva
MARVVD,maraud marwood
MARY,mary
MARYK,marek
MARYN,marin
MARYTJY,marytje
MAS,mac maes mais maos mase mass maxs mays mias mos
MASAKY,masaaki
MASAN,masin mason maysan
MASASY,masashi
MASV,marv masao mase mason mass mast masud masuo
MATLYNJ,matlinge
MATYSN,matheson mathisen matson mattson
MAVNG,maung
MAYAL,mayall
MAYANK,mayank
MAYKL,makil
MAYKSL,mayall
MAYR,mayr
MBSRY,mistry
MD,md
MDY,mady
MDYA,medea media
MDYNH,madinah
MFVRD,mefford
MGLAN,meglan
MHLA,mahala
MHRKNZ,mehrkens
MHVVALD,mahowald
MKDVGALD,mcdougald
MKGYBVN,macgibbon
MKKALA,mccalla
MKKVL,makil mccoll mikko
MKL,mkel
MKLARN,mclaren
MKLRNAN,mclernan
MKMVLYN,mcmullen mcmullin
MKY,macky macy maki micky mike
MKYNTAS,mcintosh
MKYNYNC,mcininch
ML,mel
MLCRS,melchers
MLHART,melhart
MLTN,maltin melton milton multan
MLTZR,meltzer
MLVN,melvin
MLVR,malur
MN,mn
MNSYG,mansig
MRK,mark merk
MRKN,morken murken
MRLYNV,merlino
MRTALV,mertalo
MRYL,morel
MS'VD,maqsood massoud masud
MTA,mata
MTS,mats
MTSVN,matson
MTYVS,matyas
MTZLR,metzler
MVASAN,moisan
MVKR,moaker moor muir
MVLARV,mularo
MVLTVN,melton milton moulton multan
MVNDANARV,mondanaro
MVNTYRV,montero
MVNY,many money monty
MVNYS,montys
MVRBAY,murray
MVRGAN,morgan
MVRNV,morano moreno
MVRT,mort
MVRTAYR,mortier
MVRYS,marys mores
MYDVZ,medusa mendez mendoza midas
MYGLYARDY,migliardi
MYHAN,meahan meehan mohan
MYJR,myer
MYKA,mika
MYKALYN,mikulin
MYKV,maiko mika mike mikko mikus
MYKY,micky mike
MYLAN,milan
MYLBRJR,milberger
MYLMVD,malamud malemud milmoe
MYLY,mili
MYLYNGTN,millington
MYMY,mime mimi
MYNNARD,minyard
MYNZ,mins
MYSL,myst
MYSLSVN,michelson mickelson
MYSTVN,mayston
MYTCL,mitchel
NADLR,nadler
NAKAV,nakao
NAPN,napton
NARNDRA,narendra
NARYS,marys
NATR,nate nats
NAVAL,nawal
NAVRT,nawrot
NAVYN,naveen
NAVYR,nauer
NAY,nagy
NAYBRG,nyberg
NAYJL,nabil
NAYTZ,nowitz
NAYVLS,naipauls
NSTLR,nestler nistler
NSTRMAN,nesterman
NSYR,nasir
NVA,neva nova
NVKALA,nukala
NVLS,nils noels nolas
NVLV,nola nolf
NVRKVYYST,northeast northwest
NVRMN,norman
NVRT,nordt north
NVRTVN,norton
NVRTVY,northway norton
NVRYNSN,nevrincean
NVT,nat newt note notz nuth nutt
NVVNG,nuong
NVYNZ,noyens
NVYTZ,nowitz
NYDR,nider
NYGRV,negro nigro
NYGVMA,niguma
NYK,nik
NYKV,niko
NYKVLA,nicola nikolai nikolay
NYLSVN,nelson
NYLVR,naylor
NYMAN,nyman
NYNAVA,ninawa
NYP,nye
NYR,nair nayar near neri nero nery
NYRD,nirad
NYSBT,nisbet
NYSTLR,nestler nistler
NYVFNG,neufang
NYVKMBH,newcombe
NYVT,newt
NYYVYL,nevile
PAJAN,pagan
PAJVNN,pajunen
PALMV,palmo
PALV,palo
PALYN,paulin polen
PANG,pang
PANZLT,punzelt
PARAK,parakh
PARKR,parker
PARKYN,parkyn
PARLV,pavlov pearls perls
PARSLY,parsley
PARYS,paris
PARYSY,parisi
PATAKY,pataky
PATN,patna
PATNYK,putnick
PATYNGTVN,partington
PATYS,pates pattys
PAVL,pavol
PAVTLR,pautler
PAYL,paul peel peil
PAYNZ,paynes
PAYP,papp
PAYRS,paars piers
PAYVLLA,padilla patella
PAYVLV,pavlov
PDN,peden
PDYSYNY,pedicini
PJRK,park
PK,pak
PKMN,peckman
PLANSKY,plonski polanski
PLATCK,planck
PLATKYN,plotkin
PLATV,plato
PLDJR,pledger
PLFRY,flory
PLR,flor
PLYN,pliny polen
PLYSK,pliske
PLYZNTZ,pleasants
PMBRTVN,pemberton
PMBRY,pemberry
PNGLY,pengelly
PNKRTVN,pinkerton
PNR,penner
PNYNGTVN,penington
PRAKTVR,proctor
PRANG,prong
PRAS,pres
PRATS,prates pratts
PRAVYL,pravil
PRAYAGA,prayaga
PRCYS,parsis pierces
PRGR,prager
PRHN,prehn
PRM,perm pram prem
PRNL,parnell purnell
PRNTYK,prentice
PRS,pres
PRSLY,parsley presley pursley
PRVSYK,prusik
PRY,pery pruy
PRYCT,priest
PRYGLR,pregler
PRYJYN,prejean
PRYMAK,premack
PRYS,pres
PRYSKV,prisco
PRYSS,press
PRYTYS,prates pritish
PRYVR,pryor
PT,pt
PTLAK,petlock
PTRYNV,petrino
PTY,pate pati patty pete petty
PVHA,puha
PVLAK,pavlik
PVLYN,polen
PVNTVN,punton
PVPY,pope
PVRAT,porrat
PVRT,port
PVRTYLV,portillo
PVRTZ,portz
PVYNTVN,paynton pointon
PYASNTYNY,piacentini
PYDMVNT,piedmont
PYGMN,pygmy
PYJ,peg
PYKANV,picano
PYKAP,pickap
PYKARD,picard pickard
PYKK,peck
PYKLNR,pikelner
PYKT,pict
PYLHAFR,pilhofer
PYLYC,pyles
PYNCBK,pinchbeck
PYNGL,pingel
PYNKRT,pinkert
PYNSLY,hensley tinsley
PYNTV,pinto
PYPRBRG,pepperberg
PYRYRA,pereira
PYTRMN,peterman petren
PYTRSVN,peterson
PYVS,pius
RABA,raba
RABRTSVN,robertson
RABRTZ,roberts
RABS,robs
RABY,raby
RADLY,rudley
RADYV,radev
RAGAZ,ragas
RAGNHYD,ragnhild
RAGTAN,rastin
RAJA,raja
RAJF,raja raju ralf
RAJNDRA,rajendra
RAJRZ,rajas
RAKS,raes ricks rooks
RAKVL,rasul
RAKYTA,rakita
RAMANY,ramani romany
RAMDAS,ramdas
RAMPL,rumple
RAMSY,ramsay ramsey
RAMVN,ramon
RAMYAZ,ramiaz
RAMYRZ,ramirez
RANDAL,randal
RANDL,randal
RANTA,ranta
RANV,ranu
RANY,rane rony
RAS,ras
RASBSN,rusbasan
RASV,raso rasu
RATANVL,ratanvel
RATRAY,rattray
RATSABY,ratsaby
RAVYNG,roving
RAYDR,rayer
RAYLVY,railway
RAYVDAN,ramadan
RAYZMN,ryzman
RDHYL,redhill
RDMAND,redmond
RGR,regor roger
RHAN,rehan rohan
RJYNALD,reginald
RNJ,ring rns
RNKYN,rankin ronkin
RP,rep
RPNYNG,repenning
RSLYNGAM,rasalingam
RVBL,robel
RVBYLARD,robillard
RVC,roch rock rus
RVD,rod
RVDZ,rods
RVHLDR,rohleder
RVHR,ruhr
RVKSANA,rosanna
RVL,ravel
RVLND,roland
RVLYN,roslyn
RVLYNZ,roslyns
RVLYSVN,rolison
RVMF,roff
RVML,ravel rumble rumple
RVMYR,ramer roemer romero
RVS,rus
RVSANVA,rosanova
RVSKVLYN,roscolyn
RVSL,ravel
RVSLA,rosella roslin
RVSYN,roslyn
RVT,robt
RVTMN,rutman
RVYDN,royden
RVZARYV,rosario
RVZLYN,roslyn
RVZNHYM,rosenheim
RVZNTAL,rosenthal
RYA,rya
RYBVLD,rabold raybould rybolt
RYBYKY,rybicki
RYBYRV,ribeiro
RYCBVRG,richbourg
RYCMVND,richmond
RYD,red
RYDA,reda rida
RYGZ,rego riga riggs rigo roegs
RYHRD,ryherd
RYK,rex rick
RYMK,rimek
RYN,ryan
RYNDRS,rynders
RYNGNALDA,ringenalda
RYNY,rene rony
RYPABLYK,republic
RYS,res roys
RYTL,rittle
RYTR,reiter reuter ritter rueter ryder
RYVAS,revas rivas
RYVLV,revelo revlon
RYVRA,rivera
RYVST,rivest
RYVTR,river
RYVY,reavy
RYVYN,rivin
RYVYR,river
RYYSN,riessen
RZMYSL,ramesh rymill
RZPLA,rzepela
SABHASYS,subhasish
SADV,sade sadow sadr
SAK,saki saks
SAKR,sakr
SAKV,saki sakr saks
SALAC,salas
SALAZAR,salazar
SALRMA,salerma
SALSTH,salste
SALTR,salter
SALTZ,shultz
SALV,salo
SAM,sam
SAMRAL,sumrall
SAMRFLD,sommerfeld
SAMRV,samara samars samira somero
SAMYTA,sumita
SAMYTRV,sumitro
SAN,san
SANDARA,sundara
SANR,sanner
SANSYNG,sansing
SANTANA,santana
SANTYNY,santini
SARF,sharf
SARKYS,sarkies
SARL,sharl
SARV,sharov
SASKYN,sushkin
SASTK,sustik
SASYA,sasha
SATL,sats
SATY,cathy katy sats state
SAVAD,sawad
SAYMVN,siemon
SBNK,sunk
SBSTA,sebesta
SBY,sbs sibyl sky sly
SGYZ,soyuz suez
SJADY,sagady
SKAR,skari
SKND,sand
SKRAY,stray
SKVNYNGLK,sculingleke
SKY,sky
SKYNH,skene
SKYRA,sayre skari
SL,sal sly sol
SLAYDYN,saladin
S'LH,salo sela sell shiloh shulah soli solo
SLKVK,selcuk
SLNY,slaney slone
SLVMYT,shlomit
SLYNA,selena selina
SLYTH,blyth
SLZ,sols
SMLYV,somlyo
SMYR,samir semir simer
SNDL,snel
SNDRA,sandra sondra
SNGMANY,sengmany
SNKYN,sunken
SNT,saint santa santo
SPNYK,supnik
SPYR,spear speer spero spiro spur
SRJYV,sarajevo
SRL,serel sharl
SRYNG,shoring siering
STYA,stead stian styx
SV,sb siva sup suva
SVARTZ,swartz
SVBK,sobek
SVBYRAN,soubyran
SVDRZ,sadrs sudra sudras
SVGYNV,sugiono
SVH,suh
SVLDANY,soldani
SVMANY,somani
SVMHRA,sumehra
SVMP,swamp
SVNJY,sanjay sonja sonny sunny
SVNKVY,shunkui
SVNYA,sonya
SVPYK,supik
SVR,sor
SVRANY,sorani
SVRN,severn
SVRTZ,shurtz swartz
SVRYN,soren sorin
SVSARLA,susarla
SVSARY,susarrey
SVSAYTY,society
SVSKYND,suskind
SVSTK,sustik
SVYT,soft soviet spit swift
SVYY,savoy
SVZAN,susan
SYA,sea
SYBLD,seibold
SYBR,sabra sabre sebree sieber
SYDZ,seds sids
SYGAL,segal
SYKR,sakr sekar
SYKVRSKY,sikorsky
SYL,zyl
SYLVSTR,sylvester
SYLVY,silvey sylvia sylvie
SYLY,seely
SYLYAKS,sylvias
SYMKV,simko
SYMN,syme
SYMPSVN,simpson
SYMV,simo syme
SYMVM,simoom
SYMVNSVN,simonson
SYMVNTS,seamounts simonds simones
SYMVR,semir seymour simer
SYMVS,simons
SYNA,sena sina
SYNMVRYTS,sinemorets
SYNYD,sinead
SYPLDA,schipleda
SYPRT,seyfert
SYR,sir
SYSYRA,sisira
SYTAV,sitao
SYTRAN,shetron
SYTVN,seton
SYV,siva
SYVFRT,seuffert seyfert
SYVR,seaver sevier siever spur
TAFH,taft
TAFVR,tafur
TAKASAKY,takasaki
TALR,taylor
TAMBRYNV,tamburino
TAMLYNSVN,tomlinson
TAMPSN,thompson
TAMS,tamas tamis tims toms tums
TAMV,tame tami tomo
TANAKA,tanaka
TANG,tang
TARALDSN,taraldsen
TARPH,tharpe
TARPLYN,tarplin
TATSV,tatsuo
TAVSN,tahsin
TAYJ,taegu teig
TAYN,taine tien twain
TAYR,tarr thayer
TAYTANV,taitano
TKNVLVJYZ,technologies
TNAZA,tenaza
TNR,tener tonar toner tynor
TRAKSL,troxel
TRAVLTA,travolta
TRNC,trans trench
TRNYNGN,terningen
TRVJAN,trojan
TRVLSN,truelsen
TRY,tory trey tri troy
TRYGR,trigger
TRYN,toren tran trina trinh tron turin
TRYNN,trina trinh
TRYR,trier
TRYV,trio
TSA,tasha tessa tisha tisza tosca tuso
TSKY,teskey
TSLAK,tesluk
TTSVTV,tetsuto
TVAN,twan
TVFYLY,toufaily
TVMARS,tomares
TVMBR,tumber
TVNJY,tonjes
TVNY,tony
TVR,tor
TVRBV,turbo
TVRT,evert
TVV,tow two
TYD,ted
TYG,tyng
TYLMAN,talman tillman tolman
TYLMNS,tillmans
TYMVTY,timothy
TYNV,tino tyng tynor
TYNVN,teynton
TYTKMB,titcomb
TYTZ,titz
TYVBALD,theobald
TYVN,tyson
TYVVYS,teddys tethys teunis timmys tyrees
VAKY,vicky
VALFVRD,walford
VALH,vale vall
VALKYLA,valkila
VALND,walend
VALNR,valur
VALS,vals
VALSR,walser
VALT,walt
VANDNHVF,vandenhoff
VANKVRTLND,vancortlandt
VANSYL,vancil
VARDL,vardi
VARN,vern
VATLZ,atlas patels vitale wattles
VATRVS,watrous
VATSN,watsen watson
VAVN,vaun
VAYB,vaya
VAYDNR,weidner
VAYLANKVRT,vaillancourt
VAYTLY,vestli
VAYTSL,vestal wietse
VBR,ober
VDL,vidal
VGA,vega
VGNVN,wagnon
VHYBH,wahibah
VKT,voket
VKYNZ,viking vikings voikins
VLARDYNJN,vlaardingen
VLBR,alber welber wilber wilbur
VMBL,womble
VNDRSPYGL,vanderspeigle
VNDYVRT,vandivort
VNJLDR,vangelder
VRDH,vardi verde verdi
VRFYN,arpin whorfin
VRHAT,orhan
VRKS,works
VRVR,verwer
VSL,oslo
VSLR,vecsler
VSPVYNT,westpoint
VSTKAT,venkat
VTRVAKS,strouss watrous
VVDAL,vidal
VVDZ,vaduz
VVLCK,volcker
VVN,von
VVRHYZ,voorhies
VY,va vaya vee
VYBL,sybil veblen vibe
VYBRG,nyberg wiberg
VYDA,veda vida
VYGL,vogl
VYGV,vigo
VYGVM,wigum
VYKSL,vakil vicksell
VYLANZ,dylans
VYLKAKSVN,wilkerson wilkinson
VYLMYN,velden veldman willemyn
VYLSN,wilson
VYLTVN,wilton
VYLV,volvo
VYLYZ,velez
VYNAD,vinod
VYNK,vinko vonk
VYNMA,venema
VYNMYLR,vermeer
VYRMN,verma viren
VYSAL,vishal
VYSBK,wesak
VYSN,vishnu vision vizen
VYSY,veasey vessey vichy vici vicky visa vish
VYTAGN,withagen
VYTAKRH,whitacre
VYTK,vitek
VYTL,vitale
VYTRZ,pyotrs
VYTY,vito vitt
VYVG,viva
VYVRLYNG,weaverling
VYZDAM,wisdom
VZLYVS,vilyuis
YAMN,yumn
YAN,yan
YANGZ,yangi yongs
YANYK,yanzek
YASMYN,yasmine
YASR,yasar yaser
YAST,yost
YAT,yat
YATMN,yeatman
YLLV,yalu yellow
'YSY,ayse
YVSAMA,kasama usamah
ZAKL,zaki
ZAKVB,jacob yacob zukor
ZAPANTYS,zapantis
ZAX,zaki
ZAYAK,zayac
ZFYRH,zafirah
ZHRA,zahra
ZHYR,zahir
ZHYRA,zahara zahirah zahra zaira
ZND,zand
ZVLA,zola
ZVYRYNK,zoerink
ZYM,zaim
ZYML,zemel
ZYMR,zimmer
ZYSV,zest
ZYTSR,zitser
ZYVNZ,zions
'ZYZ,aziz
'ZYZAN,azizan
